User_ID,Age,Gender,Platform,Daily_Usage_Time,Posts_Per_Day,Likes_Received_Per_Day,Comments_Received_Per_Day,Messages_Sent_Per_Day,Dominant_Emotion,Emotion_Category,Platform_Category
1,25,Female,Instagram,120,3,45,10,12,Happiness,positive,Social Networking Platforms
2,30,Male,Twitter,90,5,20,25,30,Anger,negative,Hybrid Platforms
3,22,Non-binary,Facebook,60,2,15,5,20,Neutral,neutral,Social Networking Platforms
4,28,Female,Instagram,200,8,100,30,50,Anxiety,negative,Social Networking Platforms
5,33,Male,LinkedIn,45,1,5,2,10,Boredom,neutral,Hybrid Platforms
6,21,Male,Instagram,150,4,60,15,25,Happiness,positive,Social Networking Platforms
7,27,Female,Twitter,85,3,30,10,18,Anger,negative,Hybrid Platforms
8,24,Non-binary,Facebook,110,6,25,12,22,Sadness,negative,Social Networking Platforms
9,29,Female,LinkedIn,55,2,10,3,8,Neutral,neutral,Hybrid Platforms
10,31,Male,Instagram,170,5,80,20,35,Happiness,positive,Social Networking Platforms
11,23,Female,Twitter,75,4,35,7,20,Anxiety,negative,Hybrid Platforms
12,26,Non-binary,Facebook,95,3,20,10,18,Sadness,negative,Social Networking Platforms
13,34,Male,LinkedIn,65,1,12,4,15,Boredom,neutral,Hybrid Platforms
14,22,Female,Instagram,180,7,90,25,40,Happiness,positive,Social Networking Platforms
15,28,Male,Twitter,100,6,40,23,28,Anger,negative,Hybrid Platforms
16,21,Non-binary,Facebook,40,1,5,2,10,Neutral,neutral,Social Networking Platforms
17,35,Female,Instagram,125,4,55,18,30,Anxiety,negative,Social Networking Platforms
18,27,Male,Twitter,90,3,33,15,25,Sadness,negative,Hybrid Platforms
19,23,Non-binary,LinkedIn,50,1,8,3,12,Neutral,neutral,Hybrid Platforms
20,32,Female,Instagram,140,5,70,22,33,Happiness,positive,Social Networking Platforms
21,26,Male,Facebook,75,2,25,10,18,Anxiety,negative,Social Networking Platforms
22,24,Female,Twitter,105,4,28,14,20,Anger,negative,Hybrid Platforms
23,29,Male,LinkedIn,60,2,11,5,17,Boredom,neutral,Hybrid Platforms
24,33,Non-binary,Instagram,190,8,95,26,45,Happiness,positive,Social Networking Platforms
25,22,Female,Twitter,70,3,20,12,15,Sadness,negative,Hybrid Platforms
26,31,Male,Facebook,80,2,18,8,21,Neutral,neutral,Social Networking Platforms
27,27,Non-binary,LinkedIn,55,1,9,2,11,Anxiety,negative,Hybrid Platforms
28,25,Female,Instagram,160,6,85,19,32,Happiness,positive,Social Networking Platforms
29,30,Male,Twitter,90,4,38,17,24,Anger,negative,Hybrid Platforms
30,26,Non-binary,Facebook,45,1,6,3,10,Sadness,negative,Social Networking Platforms
31,34,Female,LinkedIn,65,2,13,4,14,Boredom,neutral,Hybrid Platforms
32,28,Male,Instagram,145,5,75,20,35,Happiness,positive,Social Networking Platforms
33,23,Non-binary,Twitter,70,3,27,11,18,Neutral,neutral,Hybrid Platforms
34,21,Female,Instagram,130,6,88,15,30,Sadness,negative,Social Networking Platforms
35,29,Male,Facebook,65,2,22,8,20,Anxiety,negative,Social Networking Platforms
36,24,Non-binary,LinkedIn,55,1,10,5,11,Boredom,neutral,Hybrid Platforms
37,33,Female,Instagram,170,7,90,25,40,Happiness,positive,Social Networking Platforms
38,27,Male,Twitter,85,4,35,15,20,Anger,negative,Hybrid Platforms
39,22,Female,Instagram,115,3,55,12,25,Neutral,neutral,Social Networking Platforms
40,28,Non-binary,Facebook,100,2,18,10,22,Anxiety,negative,Social Networking Platforms
41,31,Male,LinkedIn,45,1,6,2,9,Sadness,negative,Hybrid Platforms
42,25,Female,Instagram,150,6,80,18,30,Happiness,positive,Social Networking Platforms
43,29,Male,Twitter,95,4,40,20,22,Anger,negative,Hybrid Platforms
44,23,Non-binary,Facebook,105,2,20,8,18,Neutral,neutral,Social Networking Platforms
45,35,Female,LinkedIn,60,1,12,5,14,Boredom,neutral,Hybrid Platforms
46,30,Male,Instagram,175,7,85,23,38,Happiness,positive,Social Networking Platforms
47,21,Female,Twitter,90,3,33,12,20,Sadness,negative,Hybrid Platforms
48,26,Non-binary,Facebook,75,2,28,11,18,Anxiety,negative,Social Networking Platforms
49,32,Male,Instagram,130,5,70,19,31,Neutral,neutral,Social Networking Platforms
50,28,Female,LinkedIn,55,1,8,4,10,Boredom,neutral,Hybrid Platforms
51,27,Male,Instagram,165,6,78,22,27,Happiness,positive,Social Networking Platforms
52,24,Female,Twitter,75,3,29,15,19,Anger,negative,Hybrid Platforms
53,29,Non-binary,Facebook,85,2,25,7,20,Neutral,neutral,Social Networking Platforms
54,33,Female,Instagram,145,4,60,18,35,Sadness,negative,Social Networking Platforms
55,31,Male,LinkedIn,60,1,10,3,17,Anxiety,negative,Hybrid Platforms
56,22,Female,Whatsapp,70,2,40,8,21,Anxiety,negative,Private Communication Platforms
57,25,Male,Telegram,90,3,20,10,22,Boredom,neutral,Private Communication Platforms
58,29,Non-binary,Snapchat,50,2,15,5,18,Sadness,negative,Private Communication Platforms
59,28,Female,Twitter,95,4,45,20,25,Happiness,positive,Hybrid Platforms
60,27,Male,Facebook,60,1,10,4,15,Boredom,neutral,Social Networking Platforms
61,30,Female,Instagram,175,6,70,23,33,Happiness,positive,Social Networking Platforms
62,23,Male,Whatsapp,70,3,20,8,18,Anger,negative,Private Communication Platforms
63,34,Non-binary,Telegram,80,2,18,7,20,Neutral,neutral,Private Communication Platforms
64,26,Female,Snapchat,120,4,50,15,30,Anxiety,negative,Private Communication Platforms
65,25,Male,Twitter,90,6,40,12,26,Sadness,negative,Hybrid Platforms
66,29,Non-binary,Facebook,60,1,8,2,12,Boredom,neutral,Social Networking Platforms
67,28,Male,Instagram,165,5,75,18,35,Happiness,positive,Social Networking Platforms
68,31,Female,Whatsapp,65,2,25,8,20,Neutral,neutral,Private Communication Platforms
69,27,Male,Telegram,105,3,45,15,28,Anxiety,negative,Private Communication Platforms
70,22,Non-binary,Snapchat,75,2,18,6,20,Sadness,negative,Private Communication Platforms
71,24,Female,Instagram,140,4,60,18,30,Happiness,positive,Social Networking Platforms
72,35,Male,Twitter,70,1,12,7,10,Boredom,neutral,Hybrid Platforms
73,21,Non-binary,Facebook,55,3,15,5,12,Neutral,neutral,Social Networking Platforms
74,29,Female,Whatsapp,90,2,20,9,22,Anger,negative,Private Communication Platforms
75,25,Male,Telegram,80,4,28,11,25,Neutral,neutral,Private Communication Platforms
76,28,Non-binary,Snapchat,115,3,36,12,27,Anxiety,negative,Private Communication Platforms
77,32,Female,Instagram,155,6,72,20,38,Happiness,positive,Social Networking Platforms
78,26,Male,Twitter,75,2,22,10,18,Sadness,negative,Hybrid Platforms
79,33,Non-binary,Facebook,65,1,12,5,14,Anxiety,negative,Social Networking Platforms
80,27,Female,Whatsapp,90,4,35,14,20,Neutral,neutral,Private Communication Platforms
81,31,Male,Telegram,50,2,18,6,12,Sadness,negative,Private Communication Platforms
82,24,Non-binary,Snapchat,85,3,30,13,18,Happiness,positive,Private Communication Platforms
83,34,Female,Instagram,120,5,55,19,25,Anger,negative,Social Networking Platforms
84,22,Male,Twitter,70,1,20,5,22,Neutral,neutral,Hybrid Platforms
85,29,Non-binary,Facebook,75,2,18,8,20,Boredom,neutral,Social Networking Platforms
86,28,Female,Whatsapp,100,4,35,12,26,Anxiety,negative,Private Communication Platforms
87,31,Male,Telegram,85,3,40,15,28,Sadness,negative,Private Communication Platforms
88,21,Non-binary,Snapchat,60,1,15,5,12,Neutral,neutral,Private Communication Platforms
89,25,Female,Instagram,170,6,78,22,33,Happiness,positive,Social Networking Platforms
90,30,Male,Twitter,70,2,28,10,20,Anxiety,negative,Hybrid Platforms
91,27,Non-binary,Facebook,50,1,8,2,10,Boredom,neutral,Social Networking Platforms
92,32,Female,Whatsapp,105,4,50,18,25,Anger,negative,Private Communication Platforms
93,24,Male,Telegram,75,3,33,13,22,Neutral,neutral,Private Communication Platforms
94,29,Female,Snapchat,95,2,20,7,28,Sadness,negative,Private Communication Platforms
95,26,Male,Instagram,150,5,65,20,30,Anxiety,negative,Social Networking Platforms
96,33,Non-binary,Twitter,85,4,30,13,18,Boredom,neutral,Hybrid Platforms
97,22,Female,Facebook,70,1,12,5,10,Neutral,neutral,Social Networking Platforms
98,35,Male,Whatsapp,110,3,45,20,25,Happiness,positive,Private Communication Platforms
99,28,Non-binary,Telegram,60,2,15,6,18,Anger,negative,Private Communication Platforms
100,27,Female,Snapchat,120,4,38,13,22,Neutral,neutral,Private Communication Platforms
101,25,Female,Instagram,120,5,50,20,25,Happiness,positive,Social Networking Platforms
102,30,Male,Twitter,90,4,30,20,22,Anger,negative,Hybrid Platforms
103,22,Non-binary,Facebook,60,2,20,10,15,Neutral,neutral,Social Networking Platforms
104,28,Female,Instagram,200,8,110,40,45,Anxiety,negative,Social Networking Platforms
105,33,Male,LinkedIn,45,1,10,5,12,Boredom,neutral,Hybrid Platforms
106,21,Male,Instagram,150,5,65,25,30,Happiness,positive,Social Networking Platforms
107,27,Female,Twitter,85,3,40,18,20,Anger,negative,Hybrid Platforms
108,24,Non-binary,Facebook,110,6,35,16,25,Sadness,negative,Social Networking Platforms
109,29,Female,LinkedIn,55,2,15,5,10,Neutral,neutral,Hybrid Platforms
110,31,Male,Instagram,170,7,90,35,40,Happiness,positive,Social Networking Platforms
111,23,Female,Twitter,75,4,45,20,25,Anxiety,negative,Hybrid Platforms
112,26,Non-binary,Facebook,95,3,30,14,18,Sadness,negative,Social Networking Platforms
113,34,Male,LinkedIn,65,1,14,6,15,Boredom,neutral,Hybrid Platforms
114,22,Female,Instagram,180,8,100,38,45,Happiness,positive,Social Networking Platforms
115,28,Male,Twitter,100,6,50,30,29,Anger,negative,Hybrid Platforms
116,21,Non-binary,Facebook,40,1,10,4,12,Neutral,neutral,Social Networking Platforms
117,35,Female,Instagram,125,5,65,22,28,Anxiety,negative,Social Networking Platforms
118,27,Male,Twitter,90,3,40,16,24,Sadness,negative,Hybrid Platforms
119,23,Non-binary,LinkedIn,50,1,12,6,12,Neutral,neutral,Hybrid Platforms
120,32,Female,Instagram,140,6,75,28,30,Happiness,positive,Social Networking Platforms
121,26,Male,Facebook,75,2,30,14,20,Anxiety,negative,Social Networking Platforms
122,24,Female,Twitter,105,4,35,20,23,Anger,negative,Hybrid Platforms
123,29,Male,LinkedIn,60,2,17,8,15,Boredom,neutral,Hybrid Platforms
124,33,Non-binary,Instagram,190,8,105,36,50,Happiness,positive,Social Networking Platforms
125,22,Female,Twitter,70,3,25,16,15,Sadness,negative,Hybrid Platforms
126,31,Male,Facebook,80,2,20,10,20,Neutral,neutral,Social Networking Platforms
127,27,Non-binary,LinkedIn,55,1,12,5,11,Anxiety,negative,Hybrid Platforms
128,25,Female,Instagram,160,6,85,26,30,Happiness,positive,Social Networking Platforms
129,30,Male,Twitter,90,4,43,19,24,Anger,negative,Hybrid Platforms
130,26,Non-binary,Facebook,45,1,8,4,12,Sadness,negative,Social Networking Platforms
131,34,Female,LinkedIn,65,2,17,5,14,Boredom,neutral,Hybrid Platforms
132,28,Male,Instagram,145,7,80,30,35,Happiness,positive,Social Networking Platforms
133,23,Non-binary,Twitter,70,3,30,14,18,Neutral,neutral,Hybrid Platforms
134,21,Female,Instagram,130,6,95,22,28,Sadness,negative,Social Networking Platforms
135,29,Male,Facebook,65,2,27,11,22,Anxiety,negative,Social Networking Platforms
136,24,Non-binary,LinkedIn,55,1,11,6,11,Boredom,neutral,Hybrid Platforms
137,33,Female,Instagram,170,7,95,30,38,Happiness,positive,Social Networking Platforms
138,27,Male,Twitter,85,4,45,18,24,Anger,negative,Hybrid Platforms
139,22,Female,Instagram,115,3,60,17,30,Neutral,neutral,Social Networking Platforms
140,28,Non-binary,Facebook,100,2,22,12,25,Anxiety,negative,Social Networking Platforms
141,31,Male,LinkedIn,45,1,9,4,10,Sadness,negative,Hybrid Platforms
142,25,Female,Instagram,150,6,90,26,30,Happiness,positive,Social Networking Platforms
143,29,Male,Twitter,95,4,50,22,22,Anger,negative,Hybrid Platforms
144,23,Non-binary,Facebook,105,2,25,12,18,Neutral,neutral,Social Networking Platforms
145,35,Female,LinkedIn,60,1,15,7,14,Boredom,neutral,Hybrid Platforms
146,30,Male,Instagram,175,7,100,33,38,Happiness,positive,Social Networking Platforms
147,21,Female,Twitter,90,3,37,14,20,Sadness,negative,Hybrid Platforms
148,26,Non-binary,Facebook,75,2,30,12,18,Anxiety,negative,Social Networking Platforms
149,32,Male,Instagram,130,5,80,28,31,Neutral,neutral,Social Networking Platforms
150,28,Female,LinkedIn,55,1,12,6,10,Boredom,neutral,Hybrid Platforms
151,27,Male,Instagram,165,6,85,30,28,Happiness,positive,Social Networking Platforms
152,24,Female,Twitter,75,3,33,18,19,Anger,negative,Hybrid Platforms
153,29,Non-binary,Facebook,85,2,27,9,20,Neutral,neutral,Social Networking Platforms
154,33,Female,Instagram,145,4,65,23,35,Sadness,negative,Social Networking Platforms
155,31,Male,LinkedIn,60,1,15,7,17,Anxiety,negative,Hybrid Platforms
156,22,Female,Whatsapp,70,2,42,10,21,Anxiety,negative,Private Communication Platforms
157,25,Male,Telegram,90,3,22,11,22,Boredom,neutral,Private Communication Platforms
158,29,Non-binary,Snapchat,50,2,18,7,18,Sadness,negative,Private Communication Platforms
159,28,Female,Twitter,95,4,48,22,25,Happiness,positive,Hybrid Platforms
160,27,Male,Facebook,60,1,12,5,15,Boredom,neutral,Social Networking Platforms
161,30,Female,Instagram,175,6,72,30,33,Happiness,positive,Social Networking Platforms
162,23,Male,Whatsapp,70,3,22,10,18,Anger,negative,Private Communication Platforms
163,34,Non-binary,Telegram,80,2,21,8,20,Neutral,neutral,Private Communication Platforms
164,26,Female,Snapchat,120,4,55,18,30,Anxiety,negative,Private Communication Platforms
165,25,Male,Twitter,90,6,42,14,26,Sadness,negative,Hybrid Platforms
166,29,Non-binary,Facebook,60,1,12,4,12,Boredom,neutral,Social Networking Platforms
167,28,Male,Instagram,165,5,78,23,35,Happiness,positive,Social Networking Platforms
168,31,Female,Whatsapp,65,2,27,10,20,Neutral,neutral,Private Communication Platforms
169,27,Male,Telegram,105,3,48,20,28,Anxiety,negative,Private Communication Platforms
170,22,Non-binary,Snapchat,75,2,21,8,20,Sadness,negative,Private Communication Platforms
171,24,Female,Instagram,140,4,65,22,30,Happiness,positive,Social Networking Platforms
172,35,Male,Twitter,70,1,13,8,10,Boredom,neutral,Hybrid Platforms
173,21,Non-binary,Facebook,55,3,17,7,12,Neutral,neutral,Social Networking Platforms
174,29,Female,Whatsapp,90,2,24,12,22,Anger,negative,Private Communication Platforms
175,25,Male,Telegram,80,4,30,13,25,Neutral,neutral,Private Communication Platforms
176,28,Non-binary,Snapchat,115,3,38,18,27,Anxiety,negative,Private Communication Platforms
177,32,Female,Instagram,155,6,75,25,38,Happiness,positive,Social Networking Platforms
178,26,Male,Twitter,75,2,23,12,18,Sadness,negative,Hybrid Platforms
179,33,Non-binary,Facebook,65,1,13,7,14,Anxiety,negative,Social Networking Platforms
180,27,Female,Whatsapp,90,4,37,18,20,Neutral,neutral,Private Communication Platforms
181,31,Male,Telegram,50,2,20,10,12,Sadness,negative,Private Communication Platforms
182,24,Non-binary,Snapchat,85,3,33,20,18,Happiness,positive,Private Communication Platforms
183,34,Female,Instagram,120,5,60,25,25,Anger,negative,Social Networking Platforms
184,22,Male,Twitter,70,1,22,7,22,Neutral,neutral,Hybrid Platforms
185,29,Non-binary,Facebook,75,2,20,8,20,Boredom,neutral,Social Networking Platforms
186,28,Female,Whatsapp,100,4,37,14,26,Anxiety,negative,Private Communication Platforms
187,31,Male,Telegram,85,3,45,20,28,Sadness,negative,Private Communication Platforms
188,21,Non-binary,Snapchat,60,1,18,7,12,Neutral,neutral,Private Communication Platforms
189,25,Female,Instagram,170,6,83,30,33,Happiness,positive,Social Networking Platforms
190,30,Male,Twitter,70,2,30,12,20,Anxiety,negative,Hybrid Platforms
191,27,Non-binary,Facebook,50,1,10,4,10,Boredom,neutral,Social Networking Platforms
192,32,Female,Whatsapp,105,4,55,25,25,Anger,negative,Private Communication Platforms
193,24,Male,Telegram,75,3,37,16,22,Neutral,neutral,Private Communication Platforms
194,29,Female,Snapchat,95,2,23,10,28,Sadness,negative,Private Communication Platforms
195,26,Male,Instagram,150,5,70,25,30,Anxiety,negative,Social Networking Platforms
196,33,Non-binary,Twitter,85,4,35,18,18,Boredom,neutral,Hybrid Platforms
197,22,Female,Facebook,70,1,14,6,10,Neutral,neutral,Social Networking Platforms
198,35,Male,Whatsapp,110,3,50,25,25,Happiness,positive,Private Communication Platforms
199,28,Non-binary,Telegram,60,2,18,8,18,Anger,negative,Private Communication Platforms
200,27,Female,Snapchat,120,4,40,18,22,Neutral,neutral,Private Communication Platforms
201,25,Female,Instagram,120,5,50,20,25,Happiness,positive,Social Networking Platforms
202,30,Male,Twitter,90,4,30,20,22,Anger,negative,Hybrid Platforms
203,22,Non-binary,Facebook,60,2,20,10,15,Neutral,neutral,Social Networking Platforms
204,28,Female,Instagram,200,8,110,40,45,Anxiety,negative,Social Networking Platforms
205,33,Male,LinkedIn,45,1,10,5,12,Boredom,neutral,Hybrid Platforms
206,21,Male,Instagram,150,5,65,25,30,Happiness,positive,Social Networking Platforms
207,27,Female,Twitter,85,3,40,18,20,Anger,negative,Hybrid Platforms
208,24,Non-binary,Facebook,110,6,35,16,25,Sadness,negative,Social Networking Platforms
209,29,Female,LinkedIn,55,2,15,5,10,Neutral,neutral,Hybrid Platforms
210,31,Male,Instagram,170,7,90,35,40,Happiness,positive,Social Networking Platforms
211,23,Female,Twitter,75,4,45,20,25,Anxiety,negative,Hybrid Platforms
212,26,Non-binary,Facebook,95,3,30,14,18,Sadness,negative,Social Networking Platforms
213,34,Male,LinkedIn,65,1,14,6,15,Boredom,neutral,Hybrid Platforms
214,22,Female,Instagram,180,8,100,38,45,Happiness,positive,Social Networking Platforms
215,28,Male,Twitter,100,6,50,30,29,Anger,negative,Hybrid Platforms
216,21,Non-binary,Facebook,40,1,10,4,12,Neutral,neutral,Social Networking Platforms
217,35,Female,Instagram,125,5,65,22,28,Anxiety,negative,Social Networking Platforms
218,27,Male,Twitter,90,3,40,16,24,Sadness,negative,Hybrid Platforms
219,23,Non-binary,LinkedIn,50,1,12,6,12,Neutral,neutral,Hybrid Platforms
220,32,Female,Instagram,140,6,75,28,30,Happiness,positive,Social Networking Platforms
221,26,Male,Facebook,75,2,30,14,20,Anxiety,negative,Social Networking Platforms
222,24,Female,Twitter,105,4,35,20,23,Anger,negative,Hybrid Platforms
223,29,Male,LinkedIn,60,2,17,8,15,Boredom,neutral,Hybrid Platforms
224,33,Non-binary,Instagram,190,8,105,36,50,Happiness,positive,Social Networking Platforms
225,22,Female,Twitter,70,3,25,16,15,Sadness,negative,Hybrid Platforms
226,31,Male,Facebook,80,2,20,10,20,Neutral,neutral,Social Networking Platforms
227,27,Non-binary,LinkedIn,55,1,12,5,11,Anxiety,negative,Hybrid Platforms
228,25,Female,Instagram,160,6,85,26,30,Happiness,positive,Social Networking Platforms
229,30,Male,Twitter,90,4,43,19,24,Anger,negative,Hybrid Platforms
230,26,Non-binary,Facebook,45,1,8,4,12,Sadness,negative,Social Networking Platforms
231,34,Female,LinkedIn,65,2,17,5,14,Boredom,neutral,Hybrid Platforms
232,28,Male,Instagram,145,7,80,30,35,Happiness,positive,Social Networking Platforms
233,23,Non-binary,Twitter,70,3,30,14,18,Neutral,neutral,Hybrid Platforms
234,21,Female,Instagram,130,6,95,22,28,Sadness,negative,Social Networking Platforms
235,29,Male,Facebook,65,2,27,11,22,Anxiety,negative,Social Networking Platforms
236,24,Non-binary,LinkedIn,55,1,11,6,11,Boredom,neutral,Hybrid Platforms
237,33,Female,Instagram,170,7,95,30,38,Happiness,positive,Social Networking Platforms
238,27,Male,Twitter,85,4,45,18,24,Anger,negative,Hybrid Platforms
239,22,Female,Instagram,115,3,60,17,30,Neutral,neutral,Social Networking Platforms
240,28,Non-binary,Facebook,100,2,22,12,25,Anxiety,negative,Social Networking Platforms
241,31,Male,LinkedIn,45,1,9,4,10,Sadness,negative,Hybrid Platforms
242,25,Female,Instagram,150,6,90,26,30,Happiness,positive,Social Networking Platforms
243,29,Male,Twitter,95,4,50,22,22,Anger,negative,Hybrid Platforms
244,23,Non-binary,Facebook,105,2,25,12,18,Neutral,neutral,Social Networking Platforms
245,35,Female,LinkedIn,60,1,15,7,14,Boredom,neutral,Hybrid Platforms
246,30,Male,Instagram,175,7,100,33,38,Happiness,positive,Social Networking Platforms
247,21,Female,Twitter,90,3,37,14,20,Sadness,negative,Hybrid Platforms
248,26,Non-binary,Facebook,75,2,30,12,18,Anxiety,negative,Social Networking Platforms
249,32,Male,Instagram,130,5,80,28,31,Neutral,neutral,Social Networking Platforms
250,28,Female,LinkedIn,55,1,12,6,10,Boredom,neutral,Hybrid Platforms
251,27,Male,Instagram,165,6,85,30,28,Happiness,positive,Social Networking Platforms
252,24,Female,Twitter,75,3,33,18,19,Anger,negative,Hybrid Platforms
253,29,Non-binary,Facebook,85,2,27,9,20,Neutral,neutral,Social Networking Platforms
254,33,Female,Instagram,145,4,65,23,35,Sadness,negative,Social Networking Platforms
255,31,Male,LinkedIn,60,1,15,7,17,Anxiety,negative,Hybrid Platforms
256,22,Female,Whatsapp,70,2,42,10,21,Anxiety,negative,Private Communication Platforms
257,25,Male,Telegram,90,3,22,11,22,Boredom,neutral,Private Communication Platforms
258,29,Non-binary,Snapchat,50,2,18,7,18,Sadness,negative,Private Communication Platforms
259,28,Female,Twitter,95,4,48,22,25,Happiness,positive,Hybrid Platforms
260,27,Male,Facebook,60,1,12,5,15,Boredom,neutral,Social Networking Platforms
261,30,Female,Instagram,175,6,72,30,33,Happiness,positive,Social Networking Platforms
262,23,Male,Whatsapp,70,3,22,10,18,Anger,negative,Private Communication Platforms
263,34,Non-binary,Telegram,80,2,21,8,20,Neutral,neutral,Private Communication Platforms
264,26,Female,Snapchat,120,4,55,18,30,Anxiety,negative,Private Communication Platforms
265,25,Male,Twitter,90,6,42,14,26,Sadness,negative,Hybrid Platforms
266,29,Non-binary,Facebook,60,1,12,4,12,Boredom,neutral,Social Networking Platforms
267,28,Male,Instagram,165,5,78,23,35,Happiness,positive,Social Networking Platforms
268,31,Female,Whatsapp,65,2,27,10,20,Neutral,neutral,Private Communication Platforms
269,27,Male,Telegram,105,3,48,20,28,Anxiety,negative,Private Communication Platforms
270,22,Non-binary,Snapchat,75,2,21,8,20,Sadness,negative,Private Communication Platforms
271,24,Female,Instagram,140,4,65,22,30,Happiness,positive,Social Networking Platforms
272,35,Male,Twitter,70,1,13,8,10,Boredom,neutral,Hybrid Platforms
273,21,Non-binary,Facebook,55,3,17,7,12,Neutral,neutral,Social Networking Platforms
274,29,Female,Whatsapp,90,2,24,12,22,Anger,negative,Private Communication Platforms
275,25,Male,Telegram,80,4,30,13,25,Neutral,neutral,Private Communication Platforms
276,28,Non-binary,Snapchat,115,3,38,18,27,Anxiety,negative,Private Communication Platforms
277,32,Female,Instagram,155,6,75,25,38,Happiness,positive,Social Networking Platforms
278,26,Male,Twitter,75,2,23,12,18,Sadness,negative,Hybrid Platforms
279,33,Non-binary,Facebook,65,1,13,7,14,Anxiety,negative,Social Networking Platforms
280,27,Female,Whatsapp,90,4,37,18,20,Neutral,neutral,Private Communication Platforms
281,31,Male,Telegram,50,2,20,10,12,Sadness,negative,Private Communication Platforms
282,24,Non-binary,Snapchat,85,3,33,20,18,Happiness,positive,Private Communication Platforms
283,34,Female,Instagram,120,5,60,25,25,Anger,negative,Social Networking Platforms
284,22,Male,Twitter,70,1,22,7,22,Neutral,neutral,Hybrid Platforms
285,29,Non-binary,Facebook,75,2,20,8,20,Boredom,neutral,Social Networking Platforms
286,28,Female,Whatsapp,100,4,37,14,26,Anxiety,negative,Private Communication Platforms
287,31,Male,Telegram,85,3,45,20,28,Sadness,negative,Private Communication Platforms
288,21,Non-binary,Snapchat,60,1,18,7,12,Neutral,neutral,Private Communication Platforms
289,25,Female,Instagram,170,6,83,30,33,Happiness,positive,Social Networking Platforms
290,30,Male,Twitter,70,2,30,12,20,Anxiety,negative,Hybrid Platforms
291,27,Non-binary,Facebook,50,1,10,4,10,Boredom,neutral,Social Networking Platforms
292,32,Female,Whatsapp,105,4,55,25,25,Anger,negative,Private Communication Platforms
293,24,Male,Telegram,75,3,37,16,22,Neutral,neutral,Private Communication Platforms
294,29,Female,Snapchat,95,2,23,10,28,Sadness,negative,Private Communication Platforms
295,26,Male,Instagram,150,5,70,25,30,Anxiety,negative,Social Networking Platforms
296,33,Non-binary,Twitter,85,4,35,18,18,Boredom,neutral,Hybrid Platforms
297,22,Female,Facebook,70,1,14,6,10,Neutral,neutral,Social Networking Platforms
298,35,Male,Whatsapp,110,3,50,25,25,Happiness,positive,Private Communication Platforms
299,28,Non-binary,Telegram,60,2,18,8,18,Anger,negative,Private Communication Platforms
300,27,Female,Snapchat,120,4,40,18,22,Neutral,neutral,Private Communication Platforms
301,25,Female,Instagram,120,5,50,20,25,Happiness,positive,Social Networking Platforms
302,30,Male,Twitter,90,4,30,20,22,Anger,negative,Hybrid Platforms
303,22,Non-binary,Facebook,60,2,20,10,15,Neutral,neutral,Social Networking Platforms
304,28,Female,Instagram,200,8,110,40,45,Anxiety,negative,Social Networking Platforms
305,33,Male,LinkedIn,45,1,10,5,12,Boredom,neutral,Hybrid Platforms
306,21,Male,Instagram,150,5,65,25,30,Happiness,positive,Social Networking Platforms
307,27,Female,Twitter,85,3,40,18,20,Anger,negative,Hybrid Platforms
308,24,Non-binary,Facebook,110,6,35,16,25,Sadness,negative,Social Networking Platforms
309,29,Female,LinkedIn,55,2,15,5,10,Neutral,neutral,Hybrid Platforms
310,31,Male,Instagram,170,7,90,35,40,Happiness,positive,Social Networking Platforms
311,23,Female,Twitter,75,4,45,20,25,Anxiety,negative,Hybrid Platforms
312,26,Non-binary,Facebook,95,3,30,14,18,Sadness,negative,Social Networking Platforms
313,34,Male,LinkedIn,65,1,14,6,15,Boredom,neutral,Hybrid Platforms
314,22,Female,Instagram,180,8,100,38,45,Happiness,positive,Social Networking Platforms
315,28,Male,Twitter,100,6,50,30,29,Anger,negative,Hybrid Platforms
316,21,Non-binary,Facebook,40,1,10,4,12,Neutral,neutral,Social Networking Platforms
317,35,Female,Instagram,125,5,65,22,28,Anxiety,negative,Social Networking Platforms
318,27,Male,Twitter,90,3,40,16,24,Sadness,negative,Hybrid Platforms
319,23,Non-binary,LinkedIn,50,1,12,6,12,Neutral,neutral,Hybrid Platforms
320,32,Female,Instagram,140,6,75,28,30,Happiness,positive,Social Networking Platforms
321,26,Male,Facebook,75,2,30,14,20,Anxiety,negative,Social Networking Platforms
322,24,Female,Twitter,105,4,35,20,23,Anger,negative,Hybrid Platforms
323,29,Male,LinkedIn,60,2,17,8,15,Boredom,neutral,Hybrid Platforms
324,33,Non-binary,Instagram,190,8,105,36,50,Happiness,positive,Social Networking Platforms
325,22,Female,Twitter,70,3,25,16,15,Sadness,negative,Hybrid Platforms
326,31,Male,Facebook,80,2,20,10,20,Neutral,neutral,Social Networking Platforms
327,27,Non-binary,LinkedIn,55,1,12,5,11,Anxiety,negative,Hybrid Platforms
328,25,Female,Instagram,160,6,85,26,30,Happiness,positive,Social Networking Platforms
329,30,Male,Twitter,90,4,43,19,24,Anger,negative,Hybrid Platforms
330,26,Non-binary,Facebook,45,1,8,4,12,Sadness,negative,Social Networking Platforms
331,34,Female,LinkedIn,65,2,17,5,14,Boredom,neutral,Hybrid Platforms
332,28,Male,Instagram,145,7,80,30,35,Happiness,positive,Social Networking Platforms
333,23,Non-binary,Twitter,70,3,30,14,18,Neutral,neutral,Hybrid Platforms
334,21,Female,Instagram,130,6,95,22,28,Sadness,negative,Social Networking Platforms
335,29,Male,Facebook,65,2,27,11,22,Anxiety,negative,Social Networking Platforms
336,24,Non-binary,LinkedIn,55,1,11,6,11,Boredom,neutral,Hybrid Platforms
337,33,Female,Instagram,170,7,95,30,38,Happiness,positive,Social Networking Platforms
338,27,Male,Twitter,85,4,45,18,24,Anger,negative,Hybrid Platforms
339,22,Female,Instagram,115,3,60,17,30,Neutral,neutral,Social Networking Platforms
340,28,Non-binary,Facebook,100,2,22,12,25,Anxiety,negative,Social Networking Platforms
341,31,Male,LinkedIn,45,1,9,4,10,Sadness,negative,Hybrid Platforms
342,25,Female,Instagram,150,6,90,26,30,Happiness,positive,Social Networking Platforms
343,29,Male,Twitter,95,4,50,22,22,Anger,negative,Hybrid Platforms
344,23,Non-binary,Facebook,105,2,25,12,18,Neutral,neutral,Social Networking Platforms
345,35,Female,LinkedIn,60,1,15,7,14,Boredom,neutral,Hybrid Platforms
346,30,Male,Instagram,175,7,100,33,38,Happiness,positive,Social Networking Platforms
347,21,Female,Twitter,90,3,37,14,20,Sadness,negative,Hybrid Platforms
348,26,Non-binary,Facebook,75,2,30,12,18,Anxiety,negative,Social Networking Platforms
349,32,Male,Instagram,130,5,80,28,31,Neutral,neutral,Social Networking Platforms
350,28,Female,LinkedIn,55,1,12,6,10,Boredom,neutral,Hybrid Platforms
351,27,Male,Instagram,165,6,85,30,28,Happiness,positive,Social Networking Platforms
352,24,Female,Twitter,75,3,33,18,19,Anger,negative,Hybrid Platforms
353,29,Non-binary,Facebook,85,2,27,9,20,Neutral,neutral,Social Networking Platforms
354,33,Female,Instagram,145,4,65,23,35,Sadness,negative,Social Networking Platforms
355,31,Male,LinkedIn,60,1,15,7,17,Anxiety,negative,Hybrid Platforms
356,22,Female,Whatsapp,70,2,42,10,21,Anxiety,negative,Private Communication Platforms
357,25,Male,Telegram,90,3,22,11,22,Boredom,neutral,Private Communication Platforms
358,29,Non-binary,Snapchat,50,2,18,7,18,Sadness,negative,Private Communication Platforms
359,28,Female,Twitter,95,4,48,22,25,Happiness,positive,Hybrid Platforms
360,27,Male,Facebook,60,1,12,5,15,Boredom,neutral,Social Networking Platforms
361,30,Female,Instagram,175,6,72,30,33,Happiness,positive,Social Networking Platforms
362,23,Male,Whatsapp,70,3,22,10,18,Anger,negative,Private Communication Platforms
363,34,Non-binary,Telegram,80,2,21,8,20,Neutral,neutral,Private Communication Platforms
364,26,Female,Snapchat,120,4,55,18,30,Anxiety,negative,Private Communication Platforms
365,25,Male,Twitter,90,6,42,14,26,Sadness,negative,Hybrid Platforms
366,29,Non-binary,Facebook,60,1,12,4,12,Boredom,neutral,Social Networking Platforms
367,28,Male,Instagram,165,5,78,23,35,Happiness,positive,Social Networking Platforms
368,31,Female,Whatsapp,65,2,27,10,20,Neutral,neutral,Private Communication Platforms
369,27,Male,Telegram,105,3,48,20,28,Anxiety,negative,Private Communication Platforms
370,22,Non-binary,Snapchat,75,2,21,8,20,Sadness,negative,Private Communication Platforms
371,24,Female,Instagram,140,4,65,22,30,Happiness,positive,Social Networking Platforms
372,35,Male,Twitter,70,1,13,8,10,Boredom,neutral,Hybrid Platforms
373,21,Non-binary,Facebook,55,3,17,7,12,Neutral,neutral,Social Networking Platforms
374,29,Female,Whatsapp,90,2,24,12,22,Anger,negative,Private Communication Platforms
375,25,Male,Telegram,80,4,30,13,25,Neutral,neutral,Private Communication Platforms
376,28,Non-binary,Snapchat,115,3,38,18,27,Anxiety,negative,Private Communication Platforms
377,32,Female,Instagram,155,6,75,25,38,Happiness,positive,Social Networking Platforms
378,26,Male,Twitter,75,2,23,12,18,Sadness,negative,Hybrid Platforms
379,33,Non-binary,Facebook,65,1,13,7,14,Anxiety,negative,Social Networking Platforms
380,27,Female,Whatsapp,90,4,37,18,20,Neutral,neutral,Private Communication Platforms
381,31,Male,Telegram,50,2,20,10,12,Sadness,negative,Private Communication Platforms
382,24,Non-binary,Snapchat,85,3,33,20,18,Happiness,positive,Private Communication Platforms
383,34,Female,Instagram,120,5,60,25,25,Anger,negative,Social Networking Platforms
384,22,Male,Twitter,70,1,22,7,22,Neutral,neutral,Hybrid Platforms
385,29,Non-binary,Facebook,75,2,20,8,20,Boredom,neutral,Social Networking Platforms
386,28,Female,Whatsapp,100,4,37,14,26,Anxiety,negative,Private Communication Platforms
387,31,Male,Telegram,85,3,45,20,28,Sadness,negative,Private Communication Platforms
388,21,Non-binary,Snapchat,60,1,18,7,12,Neutral,neutral,Private Communication Platforms
389,25,Female,Instagram,170,6,83,30,33,Happiness,positive,Social Networking Platforms
390,30,Male,Twitter,70,2,30,12,20,Anxiety,negative,Hybrid Platforms
391,27,Non-binary,Facebook,50,1,10,4,10,Boredom,neutral,Social Networking Platforms
392,32,Female,Whatsapp,105,4,55,25,25,Anger,negative,Private Communication Platforms
393,24,Male,Telegram,75,3,37,16,22,Neutral,neutral,Private Communication Platforms
394,29,Female,Snapchat,95,2,23,10,28,Sadness,negative,Private Communication Platforms
395,26,Male,Instagram,150,5,70,25,30,Anxiety,negative,Social Networking Platforms
396,33,Non-binary,Twitter,85,4,35,18,18,Boredom,neutral,Hybrid Platforms
397,22,Female,Facebook,70,1,14,6,10,Neutral,neutral,Social Networking Platforms
398,35,Male,Whatsapp,110,3,50,25,25,Happiness,positive,Private Communication Platforms
399,28,Non-binary,Telegram,60,2,18,8,18,Anger,negative,Private Communication Platforms
400,27,Female,Snapchat,120,4,40,18,22,Neutral,neutral,Private Communication Platforms
401,25,Female,Instagram,120,5,50,20,25,Happiness,positive,Social Networking Platforms
402,30,Male,Twitter,90,4,30,20,22,Anger,negative,Hybrid Platforms
403,22,Non-binary,Facebook,60,2,20,10,15,Neutral,neutral,Social Networking Platforms
404,28,Female,Instagram,200,8,110,40,45,Anxiety,negative,Social Networking Platforms
405,33,Male,LinkedIn,45,1,10,5,12,Boredom,neutral,Hybrid Platforms
406,21,Male,Instagram,150,5,65,25,30,Happiness,positive,Social Networking Platforms
407,27,Female,Twitter,85,3,40,18,20,Anger,negative,Hybrid Platforms
408,24,Non-binary,Facebook,110,6,35,16,25,Sadness,negative,Social Networking Platforms
409,29,Female,LinkedIn,55,2,15,5,10,Neutral,neutral,Hybrid Platforms
410,31,Male,Instagram,170,7,90,35,40,Happiness,positive,Social Networking Platforms
411,23,Female,Twitter,75,4,45,20,25,Anxiety,negative,Hybrid Platforms
412,26,Non-binary,Facebook,95,3,30,14,18,Sadness,negative,Social Networking Platforms
413,34,Male,LinkedIn,65,1,14,6,15,Boredom,neutral,Hybrid Platforms
414,22,Female,Instagram,180,8,100,38,45,Happiness,positive,Social Networking Platforms
415,28,Male,Twitter,100,6,50,30,29,Anger,negative,Hybrid Platforms
416,21,Non-binary,Facebook,40,1,10,4,12,Neutral,neutral,Social Networking Platforms
417,35,Female,Instagram,125,5,65,22,28,Anxiety,negative,Social Networking Platforms
418,27,Male,Twitter,90,3,40,16,24,Sadness,negative,Hybrid Platforms
419,23,Non-binary,LinkedIn,50,1,12,6,12,Neutral,neutral,Hybrid Platforms
420,32,Female,Instagram,140,6,75,28,30,Happiness,positive,Social Networking Platforms
421,26,Male,Facebook,75,2,30,14,20,Anxiety,negative,Social Networking Platforms
422,24,Female,Twitter,105,4,35,20,23,Anger,negative,Hybrid Platforms
423,29,Male,LinkedIn,60,2,17,8,15,Boredom,neutral,Hybrid Platforms
424,33,Non-binary,Instagram,190,8,105,36,50,Happiness,positive,Social Networking Platforms
425,22,Female,Twitter,70,3,25,16,15,Sadness,negative,Hybrid Platforms
426,31,Male,Facebook,80,2,20,10,20,Neutral,neutral,Social Networking Platforms
427,27,Non-binary,LinkedIn,55,1,12,5,11,Anxiety,negative,Hybrid Platforms
428,25,Female,Instagram,160,6,85,26,30,Happiness,positive,Social Networking Platforms
429,30,Male,Twitter,90,4,43,19,24,Anger,negative,Hybrid Platforms
430,26,Non-binary,Facebook,45,1,8,4,12,Sadness,negative,Social Networking Platforms
431,34,Female,LinkedIn,65,2,17,5,14,Boredom,neutral,Hybrid Platforms
432,28,Male,Instagram,145,7,80,30,35,Happiness,positive,Social Networking Platforms
433,23,Non-binary,Twitter,70,3,30,14,18,Neutral,neutral,Hybrid Platforms
434,21,Female,Instagram,130,6,95,22,28,Sadness,negative,Social Networking Platforms
435,29,Male,Facebook,65,2,27,11,22,Anxiety,negative,Social Networking Platforms
436,24,Non-binary,LinkedIn,55,1,11,6,11,Boredom,neutral,Hybrid Platforms
437,33,Female,Instagram,170,7,95,30,38,Happiness,positive,Social Networking Platforms
438,27,Male,Twitter,85,4,45,18,24,Anger,negative,Hybrid Platforms
439,22,Female,Instagram,115,3,60,17,30,Neutral,neutral,Social Networking Platforms
440,28,Non-binary,Facebook,100,2,22,12,25,Anxiety,negative,Social Networking Platforms
441,31,Male,LinkedIn,45,1,9,4,10,Sadness,negative,Hybrid Platforms
442,25,Female,Instagram,150,6,90,26,30,Happiness,positive,Social Networking Platforms
443,29,Male,Twitter,95,4,50,22,22,Anger,negative,Hybrid Platforms
444,23,Non-binary,Facebook,105,2,25,12,18,Neutral,neutral,Social Networking Platforms
445,35,Female,LinkedIn,60,1,15,7,14,Boredom,neutral,Hybrid Platforms
446,30,Male,Instagram,175,7,100,33,38,Happiness,positive,Social Networking Platforms
447,21,Female,Twitter,90,3,37,14,20,Sadness,negative,Hybrid Platforms
448,26,Non-binary,Facebook,75,2,30,12,18,Anxiety,negative,Social Networking Platforms
449,32,Male,Instagram,130,5,80,28,31,Neutral,neutral,Social Networking Platforms
450,28,Female,LinkedIn,55,1,12,6,10,Boredom,neutral,Hybrid Platforms
451,27,Male,Instagram,165,6,85,30,28,Happiness,positive,Social Networking Platforms
452,24,Female,Twitter,75,3,33,18,19,Anger,negative,Hybrid Platforms
453,29,Non-binary,Facebook,85,2,27,9,20,Neutral,neutral,Social Networking Platforms
454,33,Female,Instagram,145,4,65,23,35,Sadness,negative,Social Networking Platforms
455,31,Male,LinkedIn,60,1,15,7,17,Anxiety,negative,Hybrid Platforms
456,22,Female,Whatsapp,70,2,42,10,21,Anxiety,negative,Private Communication Platforms
457,25,Male,Telegram,90,3,22,11,22,Boredom,neutral,Private Communication Platforms
458,29,Non-binary,Snapchat,50,2,18,7,18,Sadness,negative,Private Communication Platforms
459,28,Female,Twitter,95,4,48,22,25,Happiness,positive,Hybrid Platforms
460,27,Male,Facebook,60,1,12,5,15,Boredom,neutral,Social Networking Platforms
461,30,Female,Instagram,175,6,72,30,33,Happiness,positive,Social Networking Platforms
462,23,Male,Whatsapp,70,3,22,10,18,Anger,negative,Private Communication Platforms
463,34,Non-binary,Telegram,80,2,21,8,20,Neutral,neutral,Private Communication Platforms
464,26,Female,Snapchat,120,4,55,18,30,Anxiety,negative,Private Communication Platforms
465,25,Male,Twitter,90,6,42,14,26,Sadness,negative,Hybrid Platforms
466,29,Non-binary,Facebook,60,1,12,4,12,Boredom,neutral,Social Networking Platforms
467,28,Male,Instagram,165,5,78,23,35,Happiness,positive,Social Networking Platforms
468,31,Female,Whatsapp,65,2,27,10,20,Neutral,neutral,Private Communication Platforms
469,27,Male,Telegram,105,3,48,20,28,Anxiety,negative,Private Communication Platforms
470,22,Non-binary,Snapchat,75,2,21,8,20,Sadness,negative,Private Communication Platforms
471,24,Female,Instagram,140,4,65,22,30,Happiness,positive,Social Networking Platforms
472,35,Male,Twitter,70,1,13,8,10,Boredom,neutral,Hybrid Platforms
473,21,Non-binary,Facebook,55,3,17,7,12,Neutral,neutral,Social Networking Platforms
474,29,Female,Whatsapp,90,2,24,12,22,Anger,negative,Private Communication Platforms
475,25,Male,Telegram,80,4,30,13,25,Neutral,neutral,Private Communication Platforms
476,28,Non-binary,Snapchat,115,3,38,18,27,Anxiety,negative,Private Communication Platforms
477,32,Female,Instagram,155,6,75,25,38,Happiness,positive,Social Networking Platforms
478,26,Male,Twitter,75,2,23,12,18,Sadness,negative,Hybrid Platforms
479,33,Non-binary,Facebook,65,1,13,7,14,Anxiety,negative,Social Networking Platforms
480,27,Female,Whatsapp,90,4,37,18,20,Neutral,neutral,Private Communication Platforms
481,31,Male,Telegram,50,2,20,10,12,Sadness,negative,Private Communication Platforms
482,24,Non-binary,Snapchat,85,3,33,20,18,Happiness,positive,Private Communication Platforms
483,34,Female,Instagram,120,5,60,25,25,Anger,negative,Social Networking Platforms
484,22,Male,Twitter,70,1,22,7,22,Neutral,neutral,Hybrid Platforms
485,29,Non-binary,Facebook,75,2,20,8,20,Boredom,neutral,Social Networking Platforms
486,28,Female,Whatsapp,100,4,37,14,26,Anxiety,negative,Private Communication Platforms
487,31,Male,Telegram,85,3,45,20,28,Sadness,negative,Private Communication Platforms
488,21,Non-binary,Snapchat,60,1,18,7,12,Neutral,neutral,Private Communication Platforms
489,25,Female,Instagram,170,6,83,30,33,Happiness,positive,Social Networking Platforms
490,30,Male,Twitter,70,2,30,12,20,Anxiety,negative,Hybrid Platforms
491,27,Non-binary,Facebook,50,1,10,4,10,Boredom,neutral,Social Networking Platforms
492,32,Female,Whatsapp,105,4,55,25,25,Anger,negative,Private Communication Platforms
493,24,Male,Telegram,75,3,37,16,22,Neutral,neutral,Private Communication Platforms
494,29,Female,Snapchat,95,2,23,10,28,Sadness,negative,Private Communication Platforms
495,26,Male,Instagram,150,5,70,25,30,Anxiety,negative,Social Networking Platforms
496,33,Non-binary,Twitter,85,4,35,18,18,Boredom,neutral,Hybrid Platforms
497,22,Female,Facebook,70,1,14,6,10,Neutral,neutral,Social Networking Platforms
498,35,Male,Whatsapp,110,3,50,25,25,Happiness,positive,Private Communication Platforms
499,28,Non-binary,Telegram,60,2,18,8,18,Anger,negative,Private Communication Platforms
500,27,Female,Snapchat,120,4,40,18,22,Neutral,neutral,Private Communication Platforms
501,25,Female,Instagram,120,5,50,20,25,Happiness,positive,Social Networking Platforms
502,30,Male,Twitter,90,4,30,20,22,Anger,negative,Hybrid Platforms
503,22,Non-binary,Facebook,60,2,20,10,15,Neutral,neutral,Social Networking Platforms
504,28,Female,Instagram,200,8,110,40,45,Anxiety,negative,Social Networking Platforms
505,33,Male,LinkedIn,45,1,10,5,12,Boredom,neutral,Hybrid Platforms
506,21,Male,Instagram,150,5,65,25,30,Happiness,positive,Social Networking Platforms
507,27,Female,Twitter,85,3,40,18,20,Anger,negative,Hybrid Platforms
508,24,Non-binary,Facebook,110,6,35,16,25,Sadness,negative,Social Networking Platforms
509,29,Female,LinkedIn,55,2,15,5,10,Neutral,neutral,Hybrid Platforms
510,31,Male,Instagram,170,7,90,35,40,Happiness,positive,Social Networking Platforms
511,23,Female,Twitter,75,4,45,20,25,Anxiety,negative,Hybrid Platforms
512,26,Non-binary,Facebook,95,3,30,14,18,Sadness,negative,Social Networking Platforms
513,34,Male,LinkedIn,65,1,14,6,15,Boredom,neutral,Hybrid Platforms
514,22,Female,Instagram,180,8,100,38,45,Happiness,positive,Social Networking Platforms
515,28,Male,Twitter,100,6,50,30,29,Anger,negative,Hybrid Platforms
516,21,Non-binary,Facebook,40,1,10,4,12,Neutral,neutral,Social Networking Platforms
517,35,Female,Instagram,125,5,65,22,28,Anxiety,negative,Social Networking Platforms
518,27,Male,Twitter,90,3,40,16,24,Sadness,negative,Hybrid Platforms
519,23,Non-binary,LinkedIn,50,1,12,6,12,Neutral,neutral,Hybrid Platforms
520,32,Female,Instagram,140,6,75,28,30,Happiness,positive,Social Networking Platforms
521,26,Male,Facebook,75,2,30,14,20,Anxiety,negative,Social Networking Platforms
522,24,Female,Twitter,105,4,35,20,23,Anger,negative,Hybrid Platforms
523,29,Male,LinkedIn,60,2,17,8,15,Boredom,neutral,Hybrid Platforms
524,33,Non-binary,Instagram,190,8,105,36,50,Happiness,positive,Social Networking Platforms
525,22,Female,Twitter,70,3,25,16,15,Sadness,negative,Hybrid Platforms
526,31,Male,Facebook,80,2,20,10,20,Neutral,neutral,Social Networking Platforms
527,27,Non-binary,LinkedIn,55,1,12,5,11,Anxiety,negative,Hybrid Platforms
528,25,Female,Instagram,160,6,85,26,30,Happiness,positive,Social Networking Platforms
529,30,Male,Twitter,90,4,43,19,24,Anger,negative,Hybrid Platforms
530,26,Non-binary,Facebook,45,1,8,4,12,Sadness,negative,Social Networking Platforms
531,34,Female,LinkedIn,65,2,17,5,14,Boredom,neutral,Hybrid Platforms
532,28,Male,Instagram,145,7,80,30,35,Happiness,positive,Social Networking Platforms
533,23,Non-binary,Twitter,70,3,30,14,18,Neutral,neutral,Hybrid Platforms
534,21,Female,Instagram,130,6,95,22,28,Sadness,negative,Social Networking Platforms
535,29,Male,Facebook,65,2,27,11,22,Anxiety,negative,Social Networking Platforms
536,24,Non-binary,LinkedIn,55,1,11,6,11,Boredom,neutral,Hybrid Platforms
537,33,Female,Instagram,170,7,95,30,38,Happiness,positive,Social Networking Platforms
538,27,Male,Twitter,85,4,45,18,24,Anger,negative,Hybrid Platforms
539,22,Female,Instagram,115,3,60,17,30,Neutral,neutral,Social Networking Platforms
540,28,Non-binary,Facebook,100,2,22,12,25,Anxiety,negative,Social Networking Platforms
541,31,Male,LinkedIn,45,1,9,4,10,Sadness,negative,Hybrid Platforms
542,25,Female,Instagram,150,6,90,26,30,Happiness,positive,Social Networking Platforms
543,29,Male,Twitter,95,4,50,22,22,Anger,negative,Hybrid Platforms
544,23,Non-binary,Facebook,105,2,25,12,18,Neutral,neutral,Social Networking Platforms
545,35,Female,LinkedIn,60,1,15,7,14,Boredom,neutral,Hybrid Platforms
546,30,Male,Instagram,175,7,100,33,38,Happiness,positive,Social Networking Platforms
547,21,Female,Twitter,90,3,37,14,20,Sadness,negative,Hybrid Platforms
548,26,Non-binary,Facebook,75,2,30,12,18,Anxiety,negative,Social Networking Platforms
549,32,Male,Instagram,130,5,80,28,31,Neutral,neutral,Social Networking Platforms
550,28,Female,LinkedIn,55,1,12,6,10,Boredom,neutral,Hybrid Platforms
551,27,Male,Instagram,165,6,85,30,28,Happiness,positive,Social Networking Platforms
552,24,Female,Twitter,75,3,33,18,19,Anger,negative,Hybrid Platforms
553,29,Non-binary,Facebook,85,2,27,9,20,Neutral,neutral,Social Networking Platforms
554,33,Female,Instagram,145,4,65,23,35,Sadness,negative,Social Networking Platforms
555,31,Male,LinkedIn,60,1,15,7,17,Anxiety,negative,Hybrid Platforms
556,22,Female,Whatsapp,70,2,42,10,21,Anxiety,negative,Private Communication Platforms
557,25,Male,Telegram,90,3,22,11,22,Boredom,neutral,Private Communication Platforms
558,29,Non-binary,Snapchat,50,2,18,7,18,Sadness,negative,Private Communication Platforms
559,28,Female,Twitter,95,4,48,22,25,Happiness,positive,Hybrid Platforms
560,27,Male,Facebook,60,1,12,5,15,Boredom,neutral,Social Networking Platforms
561,30,Female,Instagram,175,6,72,30,33,Happiness,positive,Social Networking Platforms
562,23,Male,Whatsapp,70,3,22,10,18,Anger,negative,Private Communication Platforms
563,34,Non-binary,Telegram,80,2,21,8,20,Neutral,neutral,Private Communication Platforms
564,26,Female,Snapchat,120,4,55,18,30,Anxiety,negative,Private Communication Platforms
565,25,Male,Twitter,90,6,42,14,26,Sadness,negative,Hybrid Platforms
566,29,Non-binary,Facebook,60,1,12,4,12,Boredom,neutral,Social Networking Platforms
567,28,Male,Instagram,165,5,78,23,35,Happiness,positive,Social Networking Platforms
568,31,Female,Whatsapp,65,2,27,10,20,Neutral,neutral,Private Communication Platforms
569,27,Male,Telegram,105,3,48,20,28,Anxiety,negative,Private Communication Platforms
570,22,Non-binary,Snapchat,75,2,21,8,20,Sadness,negative,Private Communication Platforms
571,24,Female,Instagram,140,4,65,22,30,Happiness,positive,Social Networking Platforms
572,35,Male,Twitter,70,1,13,8,10,Boredom,neutral,Hybrid Platforms
573,21,Non-binary,Facebook,55,3,17,7,12,Neutral,neutral,Social Networking Platforms
574,29,Female,Whatsapp,90,2,24,12,22,Anger,negative,Private Communication Platforms
575,25,Male,Telegram,80,4,30,13,25,Neutral,neutral,Private Communication Platforms
576,28,Non-binary,Snapchat,115,3,38,18,27,Anxiety,negative,Private Communication Platforms
577,32,Female,Instagram,155,6,75,25,38,Happiness,positive,Social Networking Platforms
578,26,Male,Twitter,75,2,23,12,18,Sadness,negative,Hybrid Platforms
579,33,Non-binary,Facebook,65,1,13,7,14,Anxiety,negative,Social Networking Platforms
580,27,Female,Whatsapp,90,4,37,18,20,Neutral,neutral,Private Communication Platforms
581,31,Male,Telegram,50,2,20,10,12,Sadness,negative,Private Communication Platforms
582,24,Non-binary,Snapchat,85,3,33,20,18,Happiness,positive,Private Communication Platforms
583,34,Female,Instagram,120,5,60,25,25,Anger,negative,Social Networking Platforms
584,22,Male,Twitter,70,1,22,7,22,Neutral,neutral,Hybrid Platforms
585,29,Non-binary,Facebook,75,2,20,8,20,Boredom,neutral,Social Networking Platforms
586,28,Female,Whatsapp,100,4,37,14,26,Anxiety,negative,Private Communication Platforms
587,31,Male,Telegram,85,3,45,20,28,Sadness,negative,Private Communication Platforms
588,21,Non-binary,Snapchat,60,1,18,7,12,Neutral,neutral,Private Communication Platforms
589,25,Female,Instagram,170,6,83,30,33,Happiness,positive,Social Networking Platforms
590,30,Male,Twitter,70,2,30,12,20,Anxiety,negative,Hybrid Platforms
591,27,Non-binary,Facebook,50,1,10,4,10,Boredom,neutral,Social Networking Platforms
592,32,Female,Whatsapp,105,4,55,25,25,Anger,negative,Private Communication Platforms
593,24,Male,Telegram,75,3,37,16,22,Neutral,neutral,Private Communication Platforms
594,29,Female,Snapchat,95,2,23,10,28,Sadness,negative,Private Communication Platforms
595,26,Male,Instagram,150,5,70,25,30,Anxiety,negative,Social Networking Platforms
596,33,Non-binary,Twitter,85,4,35,18,18,Boredom,neutral,Hybrid Platforms
597,22,Female,Facebook,70,1,14,6,10,Neutral,neutral,Social Networking Platforms
598,35,Male,Whatsapp,110,3,50,25,25,Happiness,positive,Private Communication Platforms
599,28,Non-binary,Telegram,60,2,18,8,18,Anger,negative,Private Communication Platforms
600,27,Female,Snapchat,120,4,40,18,22,Neutral,neutral,Private Communication Platforms
601,25,Female,Instagram,120,5,50,20,25,Happiness,positive,Social Networking Platforms
602,30,Male,Twitter,90,4,30,20,22,Anger,negative,Hybrid Platforms
603,22,Non-binary,Facebook,60,2,20,10,15,Neutral,neutral,Social Networking Platforms
604,28,Female,Instagram,200,8,110,40,45,Anxiety,negative,Social Networking Platforms
605,33,Male,LinkedIn,45,1,10,5,12,Boredom,neutral,Hybrid Platforms
606,21,Male,Instagram,150,5,65,25,30,Happiness,positive,Social Networking Platforms
607,27,Female,Twitter,85,3,40,18,20,Anger,negative,Hybrid Platforms
608,24,Non-binary,Facebook,110,6,35,16,25,Sadness,negative,Social Networking Platforms
609,29,Female,LinkedIn,55,2,15,5,10,Neutral,neutral,Hybrid Platforms
610,31,Male,Instagram,170,7,90,35,40,Happiness,positive,Social Networking Platforms
611,23,Female,Twitter,75,4,45,20,25,Anxiety,negative,Hybrid Platforms
612,26,Non-binary,Facebook,95,3,30,14,18,Sadness,negative,Social Networking Platforms
613,34,Male,LinkedIn,65,1,14,6,15,Boredom,neutral,Hybrid Platforms
614,22,Female,Instagram,180,8,100,38,45,Happiness,positive,Social Networking Platforms
615,28,Male,Twitter,100,6,50,30,29,Anger,negative,Hybrid Platforms
616,21,Non-binary,Facebook,40,1,10,4,12,Neutral,neutral,Social Networking Platforms
617,35,Female,Instagram,125,5,65,22,28,Anxiety,negative,Social Networking Platforms
618,27,Male,Twitter,90,3,40,16,24,Sadness,negative,Hybrid Platforms
619,23,Non-binary,LinkedIn,50,1,12,6,12,Neutral,neutral,Hybrid Platforms
620,32,Female,Instagram,140,6,75,28,30,Happiness,positive,Social Networking Platforms
621,26,Male,Facebook,75,2,30,14,20,Anxiety,negative,Social Networking Platforms
622,24,Female,Twitter,105,4,35,20,23,Anger,negative,Hybrid Platforms
623,29,Male,LinkedIn,60,2,17,8,15,Boredom,neutral,Hybrid Platforms
624,33,Non-binary,Instagram,190,8,105,36,50,Happiness,positive,Social Networking Platforms
625,22,Female,Twitter,70,3,25,16,15,Sadness,negative,Hybrid Platforms
626,31,Male,Facebook,80,2,20,10,20,Neutral,neutral,Social Networking Platforms
627,27,Non-binary,LinkedIn,55,1,12,5,11,Anxiety,negative,Hybrid Platforms
628,25,Female,Instagram,160,6,85,26,30,Happiness,positive,Social Networking Platforms
629,30,Male,Twitter,90,4,43,19,24,Anger,negative,Hybrid Platforms
630,26,Non-binary,Facebook,45,1,8,4,12,Sadness,negative,Social Networking Platforms
631,34,Female,LinkedIn,65,2,17,5,14,Boredom,neutral,Hybrid Platforms
632,28,Male,Instagram,145,7,80,30,35,Happiness,positive,Social Networking Platforms
633,23,Non-binary,Twitter,70,3,30,14,18,Neutral,neutral,Hybrid Platforms
634,21,Female,Instagram,130,6,95,22,28,Sadness,negative,Social Networking Platforms
635,29,Male,Facebook,65,2,27,11,22,Anxiety,negative,Social Networking Platforms
636,24,Non-binary,LinkedIn,55,1,11,6,11,Boredom,neutral,Hybrid Platforms
637,33,Female,Instagram,170,7,95,30,38,Happiness,positive,Social Networking Platforms
638,27,Male,Twitter,85,4,45,18,24,Anger,negative,Hybrid Platforms
639,22,Female,Instagram,115,3,60,17,30,Neutral,neutral,Social Networking Platforms
640,28,Non-binary,Facebook,100,2,22,12,25,Anxiety,negative,Social Networking Platforms
641,31,Male,LinkedIn,45,1,9,4,10,Sadness,negative,Hybrid Platforms
642,25,Female,Instagram,150,6,90,26,30,Happiness,positive,Social Networking Platforms
643,29,Male,Twitter,95,4,50,22,22,Anger,negative,Hybrid Platforms
644,23,Non-binary,Facebook,105,2,25,12,18,Neutral,neutral,Social Networking Platforms
645,35,Female,LinkedIn,60,1,15,7,14,Boredom,neutral,Hybrid Platforms
646,30,Male,Instagram,175,7,100,33,38,Happiness,positive,Social Networking Platforms
647,21,Female,Twitter,90,3,37,14,20,Sadness,negative,Hybrid Platforms
648,26,Non-binary,Facebook,75,2,30,12,18,Anxiety,negative,Social Networking Platforms
649,32,Male,Instagram,130,5,80,28,31,Neutral,neutral,Social Networking Platforms
650,28,Female,LinkedIn,55,1,12,6,10,Boredom,neutral,Hybrid Platforms
651,27,Male,Instagram,165,6,85,30,28,Happiness,positive,Social Networking Platforms
652,24,Female,Twitter,75,3,33,18,19,Anger,negative,Hybrid Platforms
653,29,Non-binary,Facebook,85,2,27,9,20,Neutral,neutral,Social Networking Platforms
654,33,Female,Instagram,145,4,65,23,35,Sadness,negative,Social Networking Platforms
655,31,Male,LinkedIn,60,1,15,7,17,Anxiety,negative,Hybrid Platforms
656,22,Female,Whatsapp,70,2,42,10,21,Anxiety,negative,Private Communication Platforms
657,25,Male,Telegram,90,3,22,11,22,Boredom,neutral,Private Communication Platforms
658,29,Non-binary,Snapchat,50,2,18,7,18,Sadness,negative,Private Communication Platforms
659,28,Female,Twitter,95,4,48,22,25,Happiness,positive,Hybrid Platforms
660,27,Male,Facebook,60,1,12,5,15,Boredom,neutral,Social Networking Platforms
661,30,Female,Instagram,175,6,72,30,33,Happiness,positive,Social Networking Platforms
662,23,Male,Whatsapp,70,3,22,10,18,Anger,negative,Private Communication Platforms
663,34,Non-binary,Telegram,80,2,21,8,20,Neutral,neutral,Private Communication Platforms
664,26,Female,Snapchat,120,4,55,18,30,Anxiety,negative,Private Communication Platforms
665,25,Male,Twitter,90,6,42,14,26,Sadness,negative,Hybrid Platforms
666,29,Non-binary,Facebook,60,1,12,4,12,Boredom,neutral,Social Networking Platforms
667,28,Male,Instagram,165,5,78,23,35,Happiness,positive,Social Networking Platforms
668,31,Female,Whatsapp,65,2,27,10,20,Neutral,neutral,Private Communication Platforms
669,27,Male,Telegram,105,3,48,20,28,Anxiety,negative,Private Communication Platforms
670,22,Non-binary,Snapchat,75,2,21,8,20,Sadness,negative,Private Communication Platforms
671,24,Female,Instagram,140,4,65,22,30,Happiness,positive,Social Networking Platforms
672,35,Male,Twitter,70,1,13,8,10,Boredom,neutral,Hybrid Platforms
673,21,Non-binary,Facebook,55,3,17,7,12,Neutral,neutral,Social Networking Platforms
674,29,Female,Whatsapp,90,2,24,12,22,Anger,negative,Private Communication Platforms
675,25,Male,Telegram,80,4,30,13,25,Neutral,neutral,Private Communication Platforms
676,28,Non-binary,Snapchat,115,3,38,18,27,Anxiety,negative,Private Communication Platforms
677,32,Female,Instagram,155,6,75,25,38,Happiness,positive,Social Networking Platforms
678,26,Male,Twitter,75,2,23,12,18,Sadness,negative,Hybrid Platforms
679,33,Non-binary,Facebook,65,1,13,7,14,Anxiety,negative,Social Networking Platforms
680,27,Female,Whatsapp,90,4,37,18,20,Neutral,neutral,Private Communication Platforms
681,31,Male,Telegram,50,2,20,10,12,Sadness,negative,Private Communication Platforms
682,24,Non-binary,Snapchat,85,3,33,20,18,Happiness,positive,Private Communication Platforms
683,34,Female,Instagram,120,5,60,25,25,Anger,negative,Social Networking Platforms
684,22,Male,Twitter,70,1,22,7,22,Neutral,neutral,Hybrid Platforms
685,29,Non-binary,Facebook,75,2,20,8,20,Boredom,neutral,Social Networking Platforms
686,28,Female,Whatsapp,100,4,37,14,26,Anxiety,negative,Private Communication Platforms
687,31,Male,Telegram,85,3,45,20,28,Sadness,negative,Private Communication Platforms
688,21,Non-binary,Snapchat,60,1,18,7,12,Neutral,neutral,Private Communication Platforms
689,25,Female,Instagram,170,6,83,30,33,Happiness,positive,Social Networking Platforms
690,30,Male,Twitter,70,2,30,12,20,Anxiety,negative,Hybrid Platforms
691,27,Non-binary,Facebook,50,1,10,4,10,Boredom,neutral,Social Networking Platforms
692,32,Female,Whatsapp,105,4,55,25,25,Anger,negative,Private Communication Platforms
693,24,Male,Telegram,75,3,37,16,22,Neutral,neutral,Private Communication Platforms
694,29,Female,Snapchat,95,2,23,10,28,Sadness,negative,Private Communication Platforms
695,26,Male,Instagram,150,5,70,25,30,Anxiety,negative,Social Networking Platforms
696,33,Non-binary,Twitter,85,4,35,18,18,Boredom,neutral,Hybrid Platforms
697,22,Female,Facebook,70,1,14,6,10,Neutral,neutral,Social Networking Platforms
698,35,Male,Whatsapp,110,3,50,25,25,Happiness,positive,Private Communication Platforms
699,28,Non-binary,Telegram,60,2,18,8,18,Anger,negative,Private Communication Platforms
700,27,Female,Snapchat,120,4,40,18,22,Neutral,neutral,Private Communication Platforms
701,25,Female,Instagram,120,5,50,20,25,Happiness,positive,Social Networking Platforms
702,30,Male,Twitter,90,4,30,20,22,Anger,negative,Hybrid Platforms
703,22,Non-binary,Facebook,60,2,20,10,15,Neutral,neutral,Social Networking Platforms
704,28,Female,Instagram,200,8,110,40,45,Anxiety,negative,Social Networking Platforms
705,33,Male,LinkedIn,45,1,10,5,12,Boredom,neutral,Hybrid Platforms
706,21,Male,Instagram,150,5,65,25,30,Happiness,positive,Social Networking Platforms
707,27,Female,Twitter,85,3,40,18,20,Anger,negative,Hybrid Platforms
708,24,Non-binary,Facebook,110,6,35,16,25,Sadness,negative,Social Networking Platforms
709,29,Female,LinkedIn,55,2,15,5,10,Neutral,neutral,Hybrid Platforms
710,31,Male,Instagram,170,7,90,35,40,Happiness,positive,Social Networking Platforms
711,23,Female,Twitter,75,4,45,20,25,Anxiety,negative,Hybrid Platforms
712,26,Non-binary,Facebook,95,3,30,14,18,Sadness,negative,Social Networking Platforms
713,34,Male,LinkedIn,65,1,14,6,15,Boredom,neutral,Hybrid Platforms
714,22,Female,Instagram,180,8,100,38,45,Happiness,positive,Social Networking Platforms
715,28,Male,Twitter,100,6,50,30,29,Anger,negative,Hybrid Platforms
716,21,Non-binary,Facebook,40,1,10,4,12,Neutral,neutral,Social Networking Platforms
717,35,Female,Instagram,125,5,65,22,28,Anxiety,negative,Social Networking Platforms
718,27,Male,Twitter,90,3,40,16,24,Sadness,negative,Hybrid Platforms
719,23,Non-binary,LinkedIn,50,1,12,6,12,Neutral,neutral,Hybrid Platforms
720,32,Female,Instagram,140,6,75,28,30,Happiness,positive,Social Networking Platforms
721,26,Male,Facebook,75,2,30,14,20,Anxiety,negative,Social Networking Platforms
722,24,Female,Twitter,105,4,35,20,23,Anger,negative,Hybrid Platforms
723,29,Male,LinkedIn,60,2,17,8,15,Boredom,neutral,Hybrid Platforms
724,33,Non-binary,Instagram,190,8,105,36,50,Happiness,positive,Social Networking Platforms
725,22,Female,Twitter,70,3,25,16,15,Sadness,negative,Hybrid Platforms
726,31,Male,Facebook,80,2,20,10,20,Neutral,neutral,Social Networking Platforms
727,27,Non-binary,LinkedIn,55,1,12,5,11,Anxiety,negative,Hybrid Platforms
728,25,Female,Instagram,160,6,85,26,30,Happiness,positive,Social Networking Platforms
729,30,Male,Twitter,90,4,43,19,24,Anger,negative,Hybrid Platforms
730,26,Non-binary,Facebook,45,1,8,4,12,Sadness,negative,Social Networking Platforms
731,34,Female,LinkedIn,65,2,17,5,14,Boredom,neutral,Hybrid Platforms
732,28,Male,Instagram,145,7,80,30,35,Happiness,positive,Social Networking Platforms
733,23,Non-binary,Twitter,70,3,30,14,18,Neutral,neutral,Hybrid Platforms
734,21,Female,Instagram,130,6,95,22,28,Sadness,negative,Social Networking Platforms
735,29,Male,Facebook,65,2,27,11,22,Anxiety,negative,Social Networking Platforms
736,24,Non-binary,LinkedIn,55,1,11,6,11,Boredom,neutral,Hybrid Platforms
737,33,Female,Instagram,170,7,95,30,38,Happiness,positive,Social Networking Platforms
738,27,Male,Twitter,85,4,45,18,24,Anger,negative,Hybrid Platforms
739,22,Female,Instagram,115,3,60,17,30,Neutral,neutral,Social Networking Platforms
740,28,Non-binary,Facebook,100,2,22,12,25,Anxiety,negative,Social Networking Platforms
741,31,Male,LinkedIn,45,1,9,4,10,Sadness,negative,Hybrid Platforms
742,25,Female,Instagram,150,6,90,26,30,Happiness,positive,Social Networking Platforms
743,29,Male,Twitter,95,4,50,22,22,Anger,negative,Hybrid Platforms
744,23,Non-binary,Facebook,105,2,25,12,18,Neutral,neutral,Social Networking Platforms
745,35,Female,LinkedIn,60,1,15,7,14,Boredom,neutral,Hybrid Platforms
746,30,Male,Instagram,175,7,100,33,38,Happiness,positive,Social Networking Platforms
747,21,Female,Twitter,90,3,37,14,20,Sadness,negative,Hybrid Platforms
748,26,Non-binary,Facebook,75,2,30,12,18,Anxiety,negative,Social Networking Platforms
749,32,Male,Instagram,130,5,80,28,31,Neutral,neutral,Social Networking Platforms
750,28,Female,LinkedIn,55,1,12,6,10,Boredom,neutral,Hybrid Platforms
751,27,Male,Instagram,165,6,85,30,28,Happiness,positive,Social Networking Platforms
752,24,Female,Twitter,75,3,33,18,19,Anger,negative,Hybrid Platforms
753,29,Non-binary,Facebook,85,2,27,9,20,Neutral,neutral,Social Networking Platforms
754,33,Female,Instagram,145,4,65,23,35,Sadness,negative,Social Networking Platforms
755,31,Male,LinkedIn,60,1,15,7,17,Anxiety,negative,Hybrid Platforms
756,22,Female,Whatsapp,70,2,42,10,21,Anxiety,negative,Private Communication Platforms
757,25,Male,Telegram,90,3,22,11,22,Boredom,neutral,Private Communication Platforms
758,29,Non-binary,Snapchat,50,2,18,7,18,Sadness,negative,Private Communication Platforms
759,28,Female,Twitter,95,4,48,22,25,Happiness,positive,Hybrid Platforms
760,27,Male,Facebook,60,1,12,5,15,Boredom,neutral,Social Networking Platforms
761,30,Female,Instagram,175,6,72,30,33,Happiness,positive,Social Networking Platforms
762,23,Male,Whatsapp,70,3,22,10,18,Anger,negative,Private Communication Platforms
763,34,Non-binary,Telegram,80,2,21,8,20,Neutral,neutral,Private Communication Platforms
764,26,Female,Snapchat,120,4,55,18,30,Anxiety,negative,Private Communication Platforms
765,25,Male,Twitter,90,6,42,14,26,Sadness,negative,Hybrid Platforms
766,29,Non-binary,Facebook,60,1,12,4,12,Boredom,neutral,Social Networking Platforms
767,28,Male,Instagram,165,5,78,23,35,Happiness,positive,Social Networking Platforms
768,31,Female,Whatsapp,65,2,27,10,20,Neutral,neutral,Private Communication Platforms
769,27,Male,Telegram,105,3,48,20,28,Anxiety,negative,Private Communication Platforms
770,22,Non-binary,Snapchat,75,2,21,8,20,Sadness,negative,Private Communication Platforms
771,24,Female,Instagram,140,4,65,22,30,Happiness,positive,Social Networking Platforms
772,35,Male,Twitter,70,1,13,8,10,Boredom,neutral,Hybrid Platforms
773,21,Non-binary,Facebook,55,3,17,7,12,Neutral,neutral,Social Networking Platforms
774,29,Female,Whatsapp,90,2,24,12,22,Anger,negative,Private Communication Platforms
775,25,Male,Telegram,80,4,30,13,25,Neutral,neutral,Private Communication Platforms
776,28,Non-binary,Snapchat,115,3,38,18,27,Anxiety,negative,Private Communication Platforms
777,32,Female,Instagram,155,6,75,25,38,Happiness,positive,Social Networking Platforms
778,26,Male,Twitter,75,2,23,12,18,Sadness,negative,Hybrid Platforms
779,33,Non-binary,Facebook,65,1,13,7,14,Anxiety,negative,Social Networking Platforms
780,27,Female,Whatsapp,90,4,37,18,20,Neutral,neutral,Private Communication Platforms
781,31,Male,Telegram,50,2,20,10,12,Sadness,negative,Private Communication Platforms
782,24,Non-binary,Snapchat,85,3,33,20,18,Happiness,positive,Private Communication Platforms
783,34,Female,Instagram,120,5,60,25,25,Anger,negative,Social Networking Platforms
784,22,Male,Twitter,70,1,22,7,22,Neutral,neutral,Hybrid Platforms
785,29,Non-binary,Facebook,75,2,20,8,20,Boredom,neutral,Social Networking Platforms
786,28,Female,Whatsapp,100,4,37,14,26,Anxiety,negative,Private Communication Platforms
787,31,Male,Telegram,85,3,45,20,28,Sadness,negative,Private Communication Platforms
788,21,Non-binary,Snapchat,60,1,18,7,12,Neutral,neutral,Private Communication Platforms
789,25,Female,Instagram,170,6,83,30,33,Happiness,positive,Social Networking Platforms
790,30,Male,Twitter,70,2,30,12,20,Anxiety,negative,Hybrid Platforms
791,27,Non-binary,Facebook,50,1,10,4,10,Boredom,neutral,Social Networking Platforms
792,32,Female,Whatsapp,105,4,55,25,25,Anger,negative,Private Communication Platforms
793,24,Male,Telegram,75,3,37,16,22,Neutral,neutral,Private Communication Platforms
794,29,Female,Snapchat,95,2,23,10,28,Sadness,negative,Private Communication Platforms
795,26,Male,Instagram,150,5,70,25,30,Anxiety,negative,Social Networking Platforms
796,33,Non-binary,Twitter,85,4,35,18,18,Boredom,neutral,Hybrid Platforms
797,22,Female,Facebook,70,1,14,6,10,Neutral,neutral,Social Networking Platforms
798,35,Male,Whatsapp,110,3,50,25,25,Happiness,positive,Private Communication Platforms
799,28,Non-binary,Telegram,60,2,18,8,18,Anger,negative,Private Communication Platforms
800,27,Female,Snapchat,120,4,40,18,22,Neutral,neutral,Private Communication Platforms
801,25,Female,Instagram,120,5,50,20,25,Happiness,positive,Social Networking Platforms
802,30,Male,Twitter,90,4,30,20,22,Anger,negative,Hybrid Platforms
803,22,Non-binary,Facebook,60,2,20,10,15,Neutral,neutral,Social Networking Platforms
804,28,Female,Instagram,200,8,110,40,45,Anxiety,negative,Social Networking Platforms
805,33,Male,LinkedIn,45,1,10,5,12,Boredom,neutral,Hybrid Platforms
806,21,Male,Instagram,150,5,65,25,30,Happiness,positive,Social Networking Platforms
807,27,Female,Twitter,85,3,40,18,20,Anger,negative,Hybrid Platforms
808,24,Non-binary,Facebook,110,6,35,16,25,Sadness,negative,Social Networking Platforms
809,29,Female,LinkedIn,55,2,15,5,10,Neutral,neutral,Hybrid Platforms
810,31,Male,Instagram,170,7,90,35,40,Happiness,positive,Social Networking Platforms
811,23,Female,Twitter,75,4,45,20,25,Anxiety,negative,Hybrid Platforms
812,26,Non-binary,Facebook,95,3,30,14,18,Sadness,negative,Social Networking Platforms
813,34,Male,LinkedIn,65,1,14,6,15,Boredom,neutral,Hybrid Platforms
814,22,Female,Instagram,180,8,100,38,45,Happiness,positive,Social Networking Platforms
815,28,Male,Twitter,100,6,50,30,29,Anger,negative,Hybrid Platforms
816,21,Non-binary,Facebook,40,1,10,4,12,Neutral,neutral,Social Networking Platforms
817,35,Female,Instagram,125,5,65,22,28,Anxiety,negative,Social Networking Platforms
818,27,Male,Twitter,90,3,40,16,24,Sadness,negative,Hybrid Platforms
819,23,Non-binary,LinkedIn,50,1,12,6,12,Neutral,neutral,Hybrid Platforms
820,32,Female,Instagram,140,6,75,28,30,Happiness,positive,Social Networking Platforms
821,26,Male,Facebook,75,2,30,14,20,Anxiety,negative,Social Networking Platforms
822,24,Female,Twitter,105,4,35,20,23,Anger,negative,Hybrid Platforms
823,29,Male,LinkedIn,60,2,17,8,15,Boredom,neutral,Hybrid Platforms
824,33,Non-binary,Instagram,190,8,105,36,50,Happiness,positive,Social Networking Platforms
825,22,Female,Twitter,70,3,25,16,15,Sadness,negative,Hybrid Platforms
826,31,Male,Facebook,80,2,20,10,20,Neutral,neutral,Social Networking Platforms
827,27,Non-binary,LinkedIn,55,1,12,5,11,Anxiety,negative,Hybrid Platforms
828,25,Female,Instagram,160,6,85,26,30,Happiness,positive,Social Networking Platforms
829,30,Male,Twitter,90,4,43,19,24,Anger,negative,Hybrid Platforms
830,26,Non-binary,Facebook,45,1,8,4,12,Sadness,negative,Social Networking Platforms
831,34,Female,LinkedIn,65,2,17,5,14,Boredom,neutral,Hybrid Platforms
832,28,Male,Instagram,145,7,80,30,35,Happiness,positive,Social Networking Platforms
833,23,Non-binary,Twitter,70,3,30,14,18,Neutral,neutral,Hybrid Platforms
834,21,Female,Instagram,130,6,95,22,28,Sadness,negative,Social Networking Platforms
835,29,Male,Facebook,65,2,27,11,22,Anxiety,negative,Social Networking Platforms
836,24,Non-binary,LinkedIn,55,1,11,6,11,Boredom,neutral,Hybrid Platforms
837,33,Female,Instagram,170,7,95,30,38,Happiness,positive,Social Networking Platforms
838,27,Male,Twitter,85,4,45,18,24,Anger,negative,Hybrid Platforms
839,22,Female,Instagram,115,3,60,17,30,Neutral,neutral,Social Networking Platforms
840,28,Non-binary,Facebook,100,2,22,12,25,Anxiety,negative,Social Networking Platforms
841,31,Male,LinkedIn,45,1,9,4,10,Sadness,negative,Hybrid Platforms
842,25,Female,Instagram,150,6,90,26,30,Happiness,positive,Social Networking Platforms
843,29,Male,Twitter,95,4,50,22,22,Anger,negative,Hybrid Platforms
844,23,Non-binary,Facebook,105,2,25,12,18,Neutral,neutral,Social Networking Platforms
845,35,Female,LinkedIn,60,1,15,7,14,Boredom,neutral,Hybrid Platforms
846,30,Male,Instagram,175,7,100,33,38,Happiness,positive,Social Networking Platforms
847,21,Female,Twitter,90,3,37,14,20,Sadness,negative,Hybrid Platforms
848,26,Non-binary,Facebook,75,2,30,12,18,Anxiety,negative,Social Networking Platforms
849,32,Male,Instagram,130,5,80,28,31,Neutral,neutral,Social Networking Platforms
850,28,Female,LinkedIn,55,1,12,6,10,Boredom,neutral,Hybrid Platforms
851,27,Male,Instagram,165,6,85,30,28,Happiness,positive,Social Networking Platforms
852,24,Female,Twitter,75,3,33,18,19,Anger,negative,Hybrid Platforms
853,29,Non-binary,Facebook,85,2,27,9,20,Neutral,neutral,Social Networking Platforms
854,33,Female,Instagram,145,4,65,23,35,Sadness,negative,Social Networking Platforms
855,31,Male,LinkedIn,60,1,15,7,17,Anxiety,negative,Hybrid Platforms
856,22,Female,Whatsapp,70,2,42,10,21,Anxiety,negative,Private Communication Platforms
857,25,Male,Telegram,90,3,22,11,22,Boredom,neutral,Private Communication Platforms
858,29,Non-binary,Snapchat,50,2,18,7,18,Sadness,negative,Private Communication Platforms
859,28,Female,Twitter,95,4,48,22,25,Happiness,positive,Hybrid Platforms
860,27,Male,Facebook,60,1,12,5,15,Boredom,neutral,Social Networking Platforms
861,30,Female,Instagram,175,6,72,30,33,Happiness,positive,Social Networking Platforms
862,23,Male,Whatsapp,70,3,22,10,18,Anger,negative,Private Communication Platforms
863,34,Non-binary,Telegram,80,2,21,8,20,Neutral,neutral,Private Communication Platforms
864,26,Female,Snapchat,120,4,55,18,30,Anxiety,negative,Private Communication Platforms
865,25,Male,Twitter,90,6,42,14,26,Sadness,negative,Hybrid Platforms
866,29,Non-binary,Facebook,60,1,12,4,12,Boredom,neutral,Social Networking Platforms
867,28,Male,Instagram,165,5,78,23,35,Happiness,positive,Social Networking Platforms
868,31,Female,Whatsapp,65,2,27,10,20,Neutral,neutral,Private Communication Platforms
869,27,Male,Telegram,105,3,48,20,28,Anxiety,negative,Private Communication Platforms
870,22,Non-binary,Snapchat,75,2,21,8,20,Sadness,negative,Private Communication Platforms
871,24,Female,Instagram,140,4,65,22,30,Happiness,positive,Social Networking Platforms
872,35,Male,Twitter,70,1,13,8,10,Boredom,neutral,Hybrid Platforms
873,21,Non-binary,Facebook,55,3,17,7,12,Neutral,neutral,Social Networking Platforms
874,29,Female,Whatsapp,90,2,24,12,22,Anger,negative,Private Communication Platforms
875,25,Male,Telegram,80,4,30,13,25,Neutral,neutral,Private Communication Platforms
876,28,Non-binary,Snapchat,115,3,38,18,27,Anxiety,negative,Private Communication Platforms
877,32,Female,Instagram,155,6,75,25,38,Happiness,positive,Social Networking Platforms
878,26,Male,Twitter,75,2,23,12,18,Sadness,negative,Hybrid Platforms
879,33,Non-binary,Facebook,65,1,13,7,14,Anxiety,negative,Social Networking Platforms
880,27,Female,Whatsapp,90,4,37,18,20,Neutral,neutral,Private Communication Platforms
881,31,Male,Telegram,50,2,20,10,12,Sadness,negative,Private Communication Platforms
882,24,Non-binary,Snapchat,85,3,33,20,18,Happiness,positive,Private Communication Platforms
883,34,Female,Instagram,120,5,60,25,25,Anger,negative,Social Networking Platforms
884,22,Male,Twitter,70,1,22,7,22,Neutral,neutral,Hybrid Platforms
885,29,Non-binary,Facebook,75,2,20,8,20,Boredom,neutral,Social Networking Platforms
886,28,Female,Whatsapp,100,4,37,14,26,Anxiety,negative,Private Communication Platforms
887,31,Male,Telegram,85,3,45,20,28,Sadness,negative,Private Communication Platforms
888,21,Non-binary,Snapchat,60,1,18,7,12,Neutral,neutral,Private Communication Platforms
889,25,Female,Instagram,170,6,83,30,33,Happiness,positive,Social Networking Platforms
890,30,Male,Twitter,70,2,30,12,20,Anxiety,negative,Hybrid Platforms
891,27,Non-binary,Facebook,50,1,10,4,10,Boredom,neutral,Social Networking Platforms
892,32,Female,Whatsapp,105,4,55,25,25,Anger,negative,Private Communication Platforms
893,24,Male,Telegram,75,3,37,16,22,Neutral,neutral,Private Communication Platforms
894,29,Female,Snapchat,95,2,23,10,28,Sadness,negative,Private Communication Platforms
895,26,Male,Instagram,150,5,70,25,30,Anxiety,negative,Social Networking Platforms
896,33,Non-binary,Twitter,85,4,35,18,18,Boredom,neutral,Hybrid Platforms
897,22,Female,Facebook,70,1,14,6,10,Neutral,neutral,Social Networking Platforms
898,35,Male,Whatsapp,110,3,50,25,25,Happiness,positive,Private Communication Platforms
899,28,Non-binary,Telegram,60,2,18,8,18,Anger,negative,Private Communication Platforms
900,27,Female,Snapchat,120,4,40,18,22,Neutral,neutral,Private Communication Platforms
901,25,Female,Instagram,120,5,50,20,25,Happiness,positive,Social Networking Platforms
902,30,Male,Twitter,90,4,30,20,22,Anger,negative,Hybrid Platforms
903,22,Non-binary,Facebook,60,2,20,10,15,Neutral,neutral,Social Networking Platforms
904,28,Female,Instagram,200,8,110,40,45,Anxiety,negative,Social Networking Platforms
905,33,Male,LinkedIn,45,1,10,5,12,Boredom,neutral,Hybrid Platforms
906,21,Male,Instagram,150,5,65,25,30,Happiness,positive,Social Networking Platforms
907,27,Female,Twitter,85,3,40,18,20,Anger,negative,Hybrid Platforms
908,24,Non-binary,Facebook,110,6,35,16,25,Sadness,negative,Social Networking Platforms
909,29,Female,LinkedIn,55,2,15,5,10,Neutral,neutral,Hybrid Platforms
910,31,Male,Instagram,170,7,90,35,40,Happiness,positive,Social Networking Platforms
911,23,Female,Twitter,75,4,45,20,25,Anxiety,negative,Hybrid Platforms
912,26,Non-binary,Facebook,95,3,30,14,18,Sadness,negative,Social Networking Platforms
913,34,Male,LinkedIn,65,1,14,6,15,Boredom,neutral,Hybrid Platforms
914,22,Female,Instagram,180,8,100,38,45,Happiness,positive,Social Networking Platforms
915,28,Male,Twitter,100,6,50,30,29,Anger,negative,Hybrid Platforms
916,21,Non-binary,Facebook,40,1,10,4,12,Neutral,neutral,Social Networking Platforms
917,35,Female,Instagram,125,5,65,22,28,Anxiety,negative,Social Networking Platforms
918,27,Male,Twitter,90,3,40,16,24,Sadness,negative,Hybrid Platforms
919,23,Non-binary,LinkedIn,50,1,12,6,12,Neutral,neutral,Hybrid Platforms
920,32,Female,Instagram,140,6,75,28,30,Happiness,positive,Social Networking Platforms
921,26,Male,Facebook,75,2,30,14,20,Anxiety,negative,Social Networking Platforms
922,24,Female,Twitter,105,4,35,20,23,Anger,negative,Hybrid Platforms
923,29,Male,LinkedIn,60,2,17,8,15,Boredom,neutral,Hybrid Platforms
924,33,Non-binary,Instagram,190,8,105,36,50,Happiness,positive,Social Networking Platforms
925,22,Female,Twitter,70,3,25,16,15,Sadness,negative,Hybrid Platforms
926,31,Male,Facebook,80,2,20,10,20,Neutral,neutral,Social Networking Platforms
927,27,Non-binary,LinkedIn,55,1,12,5,11,Anxiety,negative,Hybrid Platforms
928,25,Female,Instagram,160,6,85,26,30,Happiness,positive,Social Networking Platforms
929,30,Male,Twitter,90,4,43,19,24,Anger,negative,Hybrid Platforms
930,26,Non-binary,Facebook,45,1,8,4,12,Sadness,negative,Social Networking Platforms
931,34,Female,LinkedIn,65,2,17,5,14,Boredom,neutral,Hybrid Platforms
932,28,Male,Instagram,145,7,80,30,35,Happiness,positive,Social Networking Platforms
933,23,Non-binary,Twitter,70,3,30,14,18,Neutral,neutral,Hybrid Platforms
934,21,Female,Instagram,130,6,95,22,28,Sadness,negative,Social Networking Platforms
935,29,Male,Facebook,65,2,27,11,22,Anxiety,negative,Social Networking Platforms
936,24,Non-binary,LinkedIn,55,1,11,6,11,Boredom,neutral,Hybrid Platforms
937,33,Female,Instagram,170,7,95,30,38,Happiness,positive,Social Networking Platforms
938,27,Male,Twitter,85,4,45,18,24,Anger,negative,Hybrid Platforms
939,22,Female,Instagram,115,3,60,17,30,Neutral,neutral,Social Networking Platforms
940,28,Non-binary,Facebook,100,2,22,12,25,Anxiety,negative,Social Networking Platforms
941,31,Male,LinkedIn,45,1,9,4,10,Sadness,negative,Hybrid Platforms
942,25,Female,Instagram,150,6,90,26,30,Happiness,positive,Social Networking Platforms
943,29,Male,Twitter,95,4,50,22,22,Anger,negative,Hybrid Platforms
944,23,Non-binary,Facebook,105,2,25,12,18,Neutral,neutral,Social Networking Platforms
945,35,Female,LinkedIn,60,1,15,7,14,Boredom,neutral,Hybrid Platforms
946,30,Male,Instagram,175,7,100,33,38,Happiness,positive,Social Networking Platforms
947,21,Female,Twitter,90,3,37,14,20,Sadness,negative,Hybrid Platforms
948,26,Non-binary,Facebook,75,2,30,12,18,Anxiety,negative,Social Networking Platforms
949,32,Male,Instagram,130,5,80,28,31,Neutral,neutral,Social Networking Platforms
950,28,Female,LinkedIn,55,1,12,6,10,Boredom,neutral,Hybrid Platforms
951,27,Male,Instagram,165,6,85,30,28,Happiness,positive,Social Networking Platforms
952,24,Female,Twitter,75,3,33,18,19,Anger,negative,Hybrid Platforms
953,29,Non-binary,Facebook,85,2,27,9,20,Neutral,neutral,Social Networking Platforms
954,33,Female,Instagram,145,4,65,23,35,Sadness,negative,Social Networking Platforms
955,31,Male,LinkedIn,60,1,15,7,17,Anxiety,negative,Hybrid Platforms
956,22,Female,Whatsapp,70,2,42,10,21,Anxiety,negative,Private Communication Platforms
957,25,Male,Telegram,90,3,22,11,22,Boredom,neutral,Private Communication Platforms
958,29,Non-binary,Snapchat,50,2,18,7,18,Sadness,negative,Private Communication Platforms
959,28,Female,Twitter,95,4,48,22,25,Happiness,positive,Hybrid Platforms
960,27,Male,Facebook,60,1,12,5,15,Boredom,neutral,Social Networking Platforms
961,30,Female,Instagram,175,6,72,30,33,Happiness,positive,Social Networking Platforms
962,23,Male,Whatsapp,70,3,22,10,18,Anger,negative,Private Communication Platforms
963,34,Non-binary,Telegram,80,2,21,8,20,Neutral,neutral,Private Communication Platforms
964,26,Female,Snapchat,120,4,55,18,30,Anxiety,negative,Private Communication Platforms
965,25,Male,Twitter,90,6,42,14,26,Sadness,negative,Hybrid Platforms
966,29,Non-binary,Facebook,60,1,12,4,12,Boredom,neutral,Social Networking Platforms
967,28,Male,Instagram,165,5,78,23,35,Happiness,positive,Social Networking Platforms
968,31,Female,Whatsapp,65,2,27,10,20,Neutral,neutral,Private Communication Platforms
969,27,Male,Telegram,105,3,48,20,28,Anxiety,negative,Private Communication Platforms
970,22,Non-binary,Snapchat,75,2,21,8,20,Sadness,negative,Private Communication Platforms
971,24,Female,Instagram,140,4,65,22,30,Happiness,positive,Social Networking Platforms
972,35,Male,Twitter,70,1,13,8,10,Boredom,neutral,Hybrid Platforms
973,21,Non-binary,Facebook,55,3,17,7,12,Neutral,neutral,Social Networking Platforms
974,29,Female,Whatsapp,90,2,24,12,22,Anger,negative,Private Communication Platforms
975,25,Male,Telegram,80,4,30,13,25,Neutral,neutral,Private Communication Platforms
976,28,Non-binary,Snapchat,115,3,38,18,27,Anxiety,negative,Private Communication Platforms
977,32,Female,Instagram,155,6,75,25,38,Happiness,positive,Social Networking Platforms
978,26,Male,Twitter,75,2,23,12,18,Sadness,negative,Hybrid Platforms
979,33,Non-binary,Facebook,65,1,13,7,14,Anxiety,negative,Social Networking Platforms
980,27,Female,Whatsapp,90,4,37,18,20,Neutral,neutral,Private Communication Platforms
981,31,Male,Telegram,50,2,20,10,12,Sadness,negative,Private Communication Platforms
982,24,Non-binary,Snapchat,85,3,33,20,18,Happiness,positive,Private Communication Platforms
983,34,Female,Instagram,120,5,60,25,25,Anger,negative,Social Networking Platforms
984,22,Male,Twitter,70,1,22,7,22,Neutral,neutral,Hybrid Platforms
985,29,Non-binary,Facebook,75,2,20,8,20,Boredom,neutral,Social Networking Platforms
986,28,Female,Whatsapp,100,4,37,14,26,Anxiety,negative,Private Communication Platforms
987,31,Male,Telegram,85,3,45,20,28,Sadness,negative,Private Communication Platforms
988,21,Non-binary,Snapchat,60,1,18,7,12,Neutral,neutral,Private Communication Platforms
989,25,Female,Instagram,170,6,83,30,33,Happiness,positive,Social Networking Platforms
990,30,Male,Twitter,70,2,30,12,20,Anxiety,negative,Hybrid Platforms
991,27,Non-binary,Facebook,50,1,10,4,10,Boredom,neutral,Social Networking Platforms
992,32,Female,Whatsapp,105,4,55,25,25,Anger,negative,Private Communication Platforms
993,24,Male,Telegram,75,3,37,16,22,Neutral,neutral,Private Communication Platforms
994,29,Female,Snapchat,95,2,23,10,28,Sadness,negative,Private Communication Platforms
995,26,Male,Instagram,150,5,70,25,30,Anxiety,negative,Social Networking Platforms
996,33,Non-binary,Twitter,85,4,35,18,18,Boredom,neutral,Hybrid Platforms
997,22,Female,Facebook,70,1,14,6,10,Neutral,neutral,Social Networking Platforms
998,35,Male,Whatsapp,110,3,50,25,25,Happiness,positive,Private Communication Platforms
999,28,Non-binary,Telegram,60,2,18,8,18,Anger,negative,Private Communication Platforms
1000,27,Female,Snapchat,120,4,40,18,22,Neutral,neutral,Private Communication Platforms
